hull_number,vessel_name,call_sign,imo_number
S 42,OLYMPIC LEOPARD,SVCE7,9470040
S 41,OLYMPIC LION,V7HT4,9445459
S 32,OLYMPIC LUCK,SVCA7,9424211
S 43,OLYMPIC TRUST,V7HA2,9437177
S 45,OLYMPIC TROPHY,SVCH8,9445461
S 46,OLYMPIC TARGET,SVCI2,9468853
S 48,OLYMPIC LUNA,V7A4145,9731157
S 49,OLYMPIC LADY,V7A2687,9731169
S 36,OLYMPIC LIGHT,SVBZ7,9424273
S 50,OLYMPIC FRIENDSHIP,V7SP5,9745251
S 51,OLYMPIC FIGHTER,V7QK3,9745263
S 19,OLYMPIC FUTURE,SYQH,9271353
S 20,OLYMPIC FLAG,SWDF,9271341
S 52,OLYMPIC LAUREL,V7A2037,9831804
S 53,OLYMPIC LYRA,V7A2038,9831816
S 54,OLYMPIC LIFE,V7A2092,9844277
S82,OLYMPIC OLYMPIC,XXX999,
